<?xml version='1.0'?>
<adtree>
	<node refinement="conjunctive">
		<label>OT Smart Home Security Analyzer</label>
		<node refinement="conjunctive">
			<label>Web Application Attacks</label>
			<node refinement="conjunctive">
				<label>Weak Guessable or Hardcoded Passwords</label>
				<node refinement="conjunctive" switchRole="yes">
					<label>Baselining and Hardening</label>
				</node>
			</node>
			<node refinement="conjunctive">
				<label>Insecure Network Services</label>
				<node refinement="conjunctive" switchRole="yes">
					<label>Baselining and Hardening</label>
				</node>
			</node>
			<node refinement="conjunctive">
				<label>Lack of Secure Update Mechanism</label>
				<node refinement="conjunctive" switchRole="yes">
					<label>Baselining and Hardening</label>
				</node>
			</node>
			<node refinement="conjunctive">
				<label>Use of Insecure or Outdated Components</label>
				<node refinement="conjunctive" switchRole="yes">
					<label>SCA - Software Composition Analysis</label>
				</node>
			</node>
			<node refinement="conjunctive">
				<label>Insufficient Privacy Protection</label>
				<node refinement="conjunctive" switchRole="yes">
					<label>SAST</label>
					<node refinement="conjunctive" switchRole="yes">
						<label>SCA - Software Composition Analysis</label>
					</node>
				</node>
			</node>
			<node refinement="conjunctive">
				<label>Insecure Default Settings</label>
				<node refinement="conjunctive" switchRole="yes">
					<label>Baselining and Hardening</label>
				</node>
			</node>
			<node refinement="conjunctive">
				<label>Configuration Manipulation</label>
				<node refinement="conjunctive" switchRole="yes">
					<label>Input Validation</label>
				</node>
			</node>
			<node refinement="conjunctive">
				<label>Directorly Listing and Traversal</label>
				<node refinement="conjunctive" switchRole="yes">
					<label>Input Validation</label>
					<node refinement="conjunctive" switchRole="yes">
						<label>Access Control</label>
					</node>
				</node>
			</node>
		</node>
		<node refinement="conjunctive">
			<label>OT Communication Security</label>
			<node refinement="conjunctive">
				<label>MITM Attacks</label>
				<node refinement="conjunctive" switchRole="yes">
					<label>Encryption</label>
				</node>
			</node>
			<node refinement="conjunctive">
				<label>Confidentiality Attacks</label>
				<node refinement="conjunctive" switchRole="yes">
					<label>Encryption</label>
				</node>
			</node>
		</node>
		<node refinement="conjunctive">
			<label>DoS and DDoS</label>
			<node refinement="conjunctive" switchRole="yes">
				<label>Rate Limiting</label>
			</node>
		</node>
	</node>
</adtree>